genre,‚ò∫,‚úã,‚úå,‚ú®,‚ù§,üéµ,üé∂,üëÄ,üëä,üëå,üëç,üëè,üíÄ,üíÅ,üíì,üíî,üíï,üíñ,üíô,üíõ,üíú,üí™,üíØ,üî´,üòÅ,üòÇ,üòÑ,üòÖ,üòà,üòâ,üòä,üòã,üòå,üòç,üòé,üòè,üòê,üòë,üòí,üòì,üòî,üòï,üòñ,üòò,üòú,üòû,üò†,üò°,üò¢,üò£,üò§,üò©,üò™,üò´,üò¨,üò≠,üò≥,üò¥,üò∑,üôÖ,üôà,üôä,üôå,üôè,sum
Action,1.4607778510217535,0.15930564711052517,2.201933640958031,0.7791694133157547,1.9861568885959129,0.4029883542078664,0.6932542298395957,0.6352450010986597,3.144144144144144,1.3838716765546033,4.588442100637223,2.999340804218853,0.19973632168754119,0.14304548450889915,2.184135354867062,1.9147440123049877,0.22324763788178423,0.4095803120193364,1.8321248077345638,2.2898264117776312,1.3001538123489345,1.5343880465831685,0.927927927927928,1.085255987695012,1.3107009448472862,0.2061085475719622,3.247198417930125,0.980663590419688,2.8431114040870136,3.1865524060646013,2.117117117117117,0.15139529773676116,0.34563832124807736,0.35223027905954735,2.185673478356405,0.32476378817842233,3.2467589540760273,2.4943968358602504,1.3709074928587124,2.082838936497473,1.2768622280817403,3.5460338387167654,2.1386508459679194,0.10613052076466711,2.901560096682048,2.6886398593715666,3.6708415732805975,3.715886618325643,3.065040650406504,2.3625576796308505,2.804218852999341,0.12546693034497913,0.7980663590419688,0.3085036255767963,3.774994506701824,0.17468688200395519,1.032520325203252,0.12151175565809712,0.16699626455724015,0.2056690837178642,0.35332893869479237,0.11162381894089211,1.058228960667985,2.5671281037134697,455100
Adventure,1.6567395561357703,0.16971279373368145,2.148335509138381,1.0066498041775456,2.3784268929503916,0.43366514360313313,0.7559562663185379,0.5803280026109661,2.7982212793733683,1.426036227154047,4.580409595300261,3.02566090078329,0.1560460182767624,0.1568619451697128,2.5387565274151433,2.044916775456919,0.31555972584856395,0.6060296997389034,2.155474869451697,2.694190600522193,1.651232049608355,1.3995186031331592,0.7845137075718015,0.757384138381201,1.3368962140992167,0.21295691906005224,3.288389360313316,0.9275048955613577,2.5469157963446474,3.132547323759791,2.327023498694517,0.1754242819843342,0.4024559399477807,0.46385443864229764,2.0257424934725847,0.3337140992167102,3.018521540469974,2.254202023498695,1.278965404699739,2.0965241514360313,1.3393439947780679,3.3997633812010446,2.062255221932115,0.14054340731070497,2.7158126631853787,2.679095953002611,3.457694190600522,3.4999184073107052,3.0907310704960835,2.3439539817232373,2.539980417754569,0.11137402088772846,0.8338772845953003,0.2763952349869452,3.4829879242819843,0.18113577023498695,0.918733681462141,0.1278965404699739,0.16950881201044388,0.19255874673629242,0.3702268276762402,0.15094647519582244,1.1308746736292428,2.742126305483029,490240
Arcade,1.4009962640099627,0.21793275217932753,2.0298879202988793,0.6537982565379826,1.5784557907845578,0.5448318804483188,0.933997509339975,0.7752179327521793,3.1755915317559156,1.4072229140722292,4.480074719800747,2.7179327521793275,0.16189290161892902,0.17434620174346202,1.8368617683686177,1.7372353673723535,0.20236612702366125,0.2957658779576588,1.516189290161893,1.8929016189290164,0.9744707347447072,1.481942714819427,0.9122042341220424,1.2702366127023663,1.3854296388542964,0.28019925280199254,3.2503113325031134,1.0709838107098382,2.6618929016189288,3.300124533001245,1.9769613947696139,0.16189290161892902,0.3175591531755916,0.33623910336239105,2.3069738480697386,0.29265255292652553,3.399750933997509,2.7708592777085927,1.6376089663760898,2.272727272727273,1.320049813200498,3.592777085927771,2.319427148194271,0.08405977584059776,3.1537982565379825,2.8019925280199254,3.704856787048568,3.7266500622665,2.973225404732254,2.484433374844334,2.9919053549190533,0.1556662515566625,0.8810709838107099,0.3455790784557908,4.0224159402241595,0.199252801992528,1.2764632627646326,0.14009962640099627,0.17745952677459528,0.29265255292652553,0.4016189290161893,0.099626400996264,0.9931506849315069,2.067247820672478,32120
Building,1.9736842105263157,0.208078335373317,2.1634026927784578,0.9822521419828641,2.1511627906976747,0.41921664626682986,0.7435740514075887,0.5905752753977968,2.891676866585067,1.8574051407588739,4.476744186046512,3.1364749082007344,0.1101591187270502,0.18665850673194614,1.8451652386780906,1.303549571603427,0.28457772337821297,0.4406364749082008,2.291921664626683,2.313341493268054,1.5850673194614442,1.8971848225214198,0.8567931456548347,0.7496940024479805,2.114443084455324,0.3518971848225214,3.7392900856793143,1.3984088127294982,2.1878824969400243,3.277233782129743,2.7386780905752754,0.25703794369645044,0.5936352509179926,0.49265605875153,2.6376988984088126,0.48653610771113825,2.8335373317013466,2.1817625458996326,1.3157894736842104,1.7962056303549572,1.1107711138310894,3.026315789473684,1.7472460220318238,0.13157894736842105,3.069155446756426,2.3102815177478577,3.1334149326805387,3.1731946144430845,2.5030599755201957,2.0165238678090573,2.2613219094247246,0.25703794369645044,0.774173806609547,0.5201958384332925,3.7882496940024475,0.302937576499388,1.1199510403916768,0.14993880048959607,0.1988984088127295,0.25091799265605874,0.48653610771113825,0.1988984088127295,1.4167686658506733,2.1909424724602204,32680
Chess,2.019230769230769,0.09615384615384616,2.1153846153846154,0.4807692307692308,1.3461538461538463,0.2884615384615385,0.7692307692307693,1.25,2.5,1.153846153846154,4.615384615384616,2.980769230769231,0.19230769230769232,0.19230769230769232,1.6346153846153848,1.5384615384615385,0.0,0.09615384615384616,1.7307692307692308,1.7307692307692308,0.7692307692307693,1.153846153846154,0.38461538461538464,0.7692307692307693,1.6346153846153848,0.6730769230769231,4.230769230769231,1.7307692307692308,2.307692307692308,3.942307692307692,2.5961538461538463,0.19230769230769232,0.38461538461538464,0.19230769230769232,3.173076923076923,0.4807692307692308,3.75,2.980769230769231,1.7307692307692308,1.6346153846153848,0.9615384615384616,3.942307692307692,1.826923076923077,0.09615384615384616,3.653846153846154,2.5,3.75,3.8461538461538463,2.7884615384615388,2.403846153846154,2.1153846153846154,0.19230769230769232,0.6730769230769231,0.38461538461538464,4.519230769230769,0.19230769230769232,1.5384615384615385,0.0,0.2884615384615385,0.38461538461538464,0.2884615384615385,0.0,0.576923076923077,1.6346153846153848,1040
Combat,1.4726901480347114,0.15569167942827972,2.42215416028586,0.801429300663604,2.0367534456355285,0.3547728432873915,0.658499234303216,0.6610515569167943,3.5426237876467583,1.618172537008678,4.650331801939765,3.4099030117406843,0.1812149055640633,0.11485451761102604,1.985706993363961,1.6385911179173047,0.2169474221541603,0.35732516590096985,2.0163348647269013,2.23583460949464,1.375701888718734,1.8861664114344052,1.2251148545176112,1.0158244002041859,1.3782542113323124,0.1531393568147014,3.545176110260337,0.8550280755487494,2.771822358346095,3.4456355283307807,2.335375191424196,0.13527309851965288,0.3088310362429811,0.3649821337417049,2.57784583971414,0.265441551812149,3.044920877998979,2.276671771311894,1.0872894333843797,1.681980602348137,0.9520163348647269,3.3843797856049003,1.7942827973455846,0.13016845329249618,3.1214905564063296,2.3762123532414496,3.6089841755997956,3.647269014803471,2.8815722307299643,1.9703930576824913,2.720775906074528,0.16079632465543645,0.6151097498723839,0.35987748851454826,3.838693210821848,0.2169474221541603,0.9877488514548239,0.08677896886166411,0.13782542113323124,0.1965288412455334,0.3777437468095967,0.1225114854517611,1.3348647269014804,2.715671260847371,39180
Comedy,2.289719626168224,0.23364485981308408,2.5233644859813085,0.794392523364486,2.4766355140186915,0.46728971962616817,0.7476635514018692,0.7009345794392523,3.2242990654205608,1.4018691588785046,4.719626168224298,3.2242990654205608,0.09345794392523366,0.23364485981308408,2.9439252336448596,1.4485981308411215,0.2803738317757009,0.7009345794392523,2.0560747663551404,2.897196261682243,1.7757009345794394,1.588785046728972,0.6542056074766356,0.6542056074766356,1.7757009345794394,0.4205607476635514,3.9719626168224296,1.2149532710280373,2.710280373831776,4.065420560747664,2.897196261682243,0.23364485981308408,0.5607476635514018,0.4205607476635514,2.289719626168224,0.46728971962616817,2.897196261682243,1.8224299065420562,0.8411214953271028,1.4953271028037385,0.7476635514018692,3.177570093457944,1.2149532710280373,0.14018691588785046,3.6448598130841123,1.9158878504672898,3.364485981308411,3.411214953271028,2.7570093457943927,1.542056074766355,2.0093457943925235,0.0,0.3271028037383178,0.09345794392523366,3.5046728971962615,0.04672897196261683,0.7476635514018692,0.14018691588785046,0.1869158878504673,0.1869158878504673,0.46728971962616817,0.3738317757009346,1.074766355140187,2.710280373831776,2140
Detective-mystery,1.5892420537897312,0.13651181744091279,2.015077424612877,0.8659331703341483,2.2249388753056234,0.3422982885085574,0.6886715566422168,0.6703341483292584,2.569274653626732,1.3264058679706603,4.643439282803586,2.9788101059494703,0.1100244498777506,0.12428687856560718,2.430725346373268,2.104726976365118,0.19559902200488996,0.4849225753871231,1.974327628361858,2.5814995925020376,1.4099429502852485,1.0493072534637327,0.5582722086389569,0.647921760391198,1.4099429502852485,0.22819885900570497,3.4127954360228197,0.9127954360228199,2.4286878565607175,3.317033414832926,2.2901385493072532,0.14466177669111654,0.26691116544417276,0.36471067644661775,1.949877750611247,0.27913610431947844,3.353708231458843,2.559087204563977,1.4649551752241239,2.2860635696821516,1.5077424612876935,3.647106764466178,2.2147514262428687,0.10594947025264873,2.9706601466992666,2.921760391198044,3.63080684596577,3.6756316218418905,3.2518337408312963,2.5203748981255094,2.6140994295028523,0.08964955175224124,0.841483292583537,0.2404237978810106,3.8060309698451507,0.12836185819070906,1.0472697636511816,0.14058679706601468,0.13243683781581092,0.16096169519152403,0.3769356153219234,0.13243683781581092,0.9657701711491443,2.4857375713121432,49080
Economic,1.3255494505494505,0.19917582417582416,2.0123626373626373,0.782967032967033,1.668956043956044,0.2129120879120879,0.41895604395604397,0.8035714285714285,2.960164835164835,1.201923076923077,4.59478021978022,2.8021978021978025,0.11675824175824176,0.14423076923076925,1.9368131868131868,1.6140109890109893,0.22664835164835168,0.32280219780219777,1.668956043956044,2.067307692307692,1.0714285714285714,1.3942307692307694,0.8447802197802198,0.9890109890109889,1.456043956043956,0.21978021978021978,3.3516483516483517,1.14010989010989,2.8777472527472527,3.440934065934066,2.2252747252747254,0.18543956043956042,0.35714285714285715,0.33653846153846156,2.074175824175824,0.2815934065934066,3.5576923076923075,2.7953296703296706,1.7170329670329672,2.142857142857143,1.2431318681318682,3.75,2.3145604395604398,0.11675824175824176,3.159340659340659,2.8502747252747254,3.7706043956043955,3.811813186813187,3.056318681318681,2.4862637362637363,2.9395604395604393,0.11675824175824176,0.679945054945055,0.30219780219780223,4.1826923076923075,0.10989010989010989,1.1881868131868132,0.23351648351648352,0.13736263736263737,0.26785714285714285,0.43956043956043955,0.13049450549450547,0.9134615384615385,2.2596153846153846,14560
Educational,1.3978494623655915,0.2688172043010753,1.881720430107527,0.6989247311827957,2.258064516129032,0.21505376344086022,0.3225806451612903,0.6451612903225806,1.6666666666666667,0.8602150537634409,4.46236559139785,2.204301075268817,0.053763440860215055,0.2688172043010753,2.5806451612903225,2.0967741935483875,0.2688172043010753,0.6989247311827957,2.204301075268817,2.5806451612903225,1.6666666666666667,0.6451612903225806,0.3763440860215054,0.8064516129032258,1.129032258064516,0.21505376344086022,2.903225806451613,1.021505376344086,2.741935483870968,2.795698924731183,2.258064516129032,0.2688172043010753,0.3763440860215054,0.2688172043010753,1.2903225806451613,0.43010752688172044,3.655913978494624,2.741935483870968,1.7741935483870968,2.4193548387096775,1.4516129032258065,3.924731182795699,2.741935483870968,0.16129032258064516,2.849462365591398,3.118279569892473,3.763440860215054,3.924731182795699,3.3333333333333335,2.741935483870968,2.6881720430107525,0.10752688172043011,0.913978494623656,0.3763440860215054,3.870967741935484,0.10752688172043011,1.5591397849462365,0.21505376344086022,0.21505376344086022,0.43010752688172044,0.5376344086021506,0.16129032258064516,0.4838709677419355,2.903225806451613,1860
Espionage,1.4754098360655739,0.16393442622950818,2.1311475409836063,0.6557377049180327,1.0655737704918031,0.32786885245901637,0.32786885245901637,1.3934426229508197,3.278688524590164,1.1475409836065573,4.590163934426229,2.9508196721311477,0.16393442622950818,0.16393442622950818,2.1311475409836063,1.3934426229508197,0.16393442622950818,0.4098360655737705,1.1475409836065573,1.9672131147540985,0.6557377049180327,0.9016393442622952,0.7377049180327869,0.9836065573770493,1.3114754098360655,0.24590163934426232,3.1967213114754096,1.3114754098360655,3.1967213114754096,3.360655737704918,2.1311475409836063,0.16393442622950818,0.24590163934426232,0.4098360655737705,2.2950819672131146,0.24590163934426232,3.8524590163934427,3.0327868852459017,1.4754098360655739,1.8852459016393444,1.2295081967213115,3.934426229508197,2.459016393442623,0.0,3.524590163934426,2.540983606557377,3.934426229508197,3.7704918032786887,3.114754098360656,2.459016393442623,3.4426229508196724,0.08196721311475409,0.6557377049180327,0.4098360655737705,4.344262295081967,0.24590163934426232,1.4754098360655739,0.0,0.08196721311475409,0.32786885245901637,0.32786885245901637,0.24590163934426232,0.4098360655737705,2.2950819672131146,1220
Exploration,0.0,0.0,1.4285714285714286,0.0,0.7142857142857143,0.0,0.0,0.0,4.285714285714286,0.0,5.0,2.857142857142857,0.0,0.0,2.857142857142857,2.142857142857143,0.0,0.0,0.0,0.7142857142857143,0.7142857142857143,1.4285714285714286,0.7142857142857143,0.7142857142857143,0.0,0.0,2.857142857142857,0.0,2.857142857142857,2.857142857142857,1.4285714285714286,0.0,0.0,0.0,1.4285714285714286,0.0,5.0,4.285714285714286,2.142857142857143,3.571428571428571,0.7142857142857143,5.0,4.285714285714286,0.0,2.857142857142857,3.571428571428571,5.0,5.0,3.571428571428571,4.285714285714286,5.0,0.0,0.7142857142857143,0.0,4.285714285714286,0.0,1.4285714285714286,0.0,0.7142857142857143,0.0,0.7142857142857143,0.0,0.0,2.857142857142857,140
FPP,1.3732824427480916,0.15419847328244274,2.2809160305343514,0.7610687022900764,1.9946564885496183,0.383969465648855,0.6610687022900763,0.7809160305343512,3.1106870229007635,1.4358778625954198,4.622900763358779,3.1305343511450383,0.29465648854961835,0.14274809160305343,2.135114503816794,1.9412213740458015,0.2351145038167939,0.4267175572519084,1.9061068702290078,2.281679389312977,1.3083969465648855,1.4954198473282443,1.1427480916030535,1.4480916030534352,1.2702290076335878,0.1946564885496183,3.219083969465649,0.9290076335877864,3.0763358778625953,3.1389312977099237,2.0259541984732827,0.1297709923664122,0.3374045801526717,0.34961832061068704,2.2122137404580156,0.29770992366412213,3.216793893129771,2.467175572519084,1.214503816793893,1.9763358778625955,1.1519083969465649,3.496946564885496,2.116030534351145,0.1068702290076336,2.8877862595419845,2.60381679389313,3.6122137404580155,3.676335877862595,3.0282442748091603,2.2687022900763356,2.7083969465648856,0.10534351145038168,0.6908396946564885,0.2633587786259542,3.7473282442748093,0.15114503816793895,1.16793893129771,0.1,0.17022900763358778,0.2,0.3549618320610687,0.11755725190839696,1.1427480916030535,2.6274809160305344,131000
Fantasy,1.6857883049592892,0.1757957068837898,2.2117875647668392,1.0469096965210956,2.356819022945966,0.4494356032568468,0.7369541080680977,0.5609270910436713,3.1189859363434493,1.5058290155440415,4.51910621761658,3.14049777942265,0.13647298297557364,0.1744078460399704,2.4687731310140637,1.9187176165803108,0.3515914137675796,0.5953923019985197,2.165062916358253,2.640405255366395,1.6286547002220577,1.763277202072539,0.8838360473723168,0.7640173945225759,1.400582901554404,0.22298297557364916,3.277433382679497,0.9661824574389342,2.594837157660992,3.0475111028867503,2.3154145077720205,0.2132679496669134,0.474879718726869,0.5401091783863805,2.14979644707624,0.3680144337527757,2.884900074019245,2.194439304219097,1.23519615099926,1.977239082161362,1.2298760177646189,3.230246113989637,1.926119541080681,0.16769985196151,2.7084104367135455,2.524518874907476,3.41460029607698,3.429635455218357,2.9300055514433754,2.215025906735751,2.524518874907476,0.13092153960029607,0.8308660251665432,0.3266099185788305,3.4169133974833454,0.21234270910436714,0.8440507031828276,0.13115284974093264,0.1769522575869726,0.19684492968171727,0.38096780162842336,0.1582161361954108,1.2562453737971873,2.7750277572168764,432320
Fighting,0.9791425260718424,0.24913093858632676,1.8424101969872537,0.4982618771726535,1.3499420625724217,0.4634994206257242,0.764774044032445,0.6315179606025493,3.1112398609501737,1.1297798377752026,4.21784472769409,2.421784472769409,0.1853997682502897,0.1564310544611819,1.6801853997682505,1.9524913093858633,0.17381228273464658,0.24333719582850522,1.2630359212050986,1.657010428736964,0.8342989571263035,1.413673232908459,0.7415990730011588,1.5469293163383546,1.1297798377752026,0.3186558516801854,2.862108922363847,1.0660486674391658,2.5086906141367322,2.966396292004635,1.5758980301274623,0.14484356894553882,0.3012746234067208,0.3186558516801854,1.8424101969872537,0.20857473928157588,3.6674391657010426,3.20973348783314,2.0393974507531865,2.653534183082271,1.633835457705678,3.835457705677868,2.775202780996524,0.06952491309385864,2.792584009269988,3.163383545770568,4.044032444959444,4.06720741599073,3.3719582850521435,2.8794901506373116,3.400926998841251,0.24333719582850522,1.0950173812282735,0.5677867902665122,4.0208574739281575,0.3128621089223638,1.2746234067207416,0.1100811123986095,0.3128621089223638,0.4055619930475087,0.41135573580533025,0.08111239860950173,0.7995365005793743,2.0104287369640788,17260
Hidden Object,1.891891891891892,0.40540540540540543,1.2162162162162162,0.6756756756756757,1.3513513513513513,0.2702702702702703,0.40540540540540543,1.2162162162162162,1.891891891891892,0.8108108108108109,4.1891891891891895,2.1621621621621623,0.13513513513513514,0.2702702702702703,2.027027027027027,2.2972972972972974,0.0,0.40540540540540543,1.4864864864864866,2.027027027027027,1.0810810810810811,0.40540540540540543,0.0,1.3513513513513513,1.6216216216216217,0.0,2.5675675675675675,0.8108108108108109,2.7027027027027026,3.2432432432432434,2.2972972972972974,0.13513513513513514,0.40540540540540543,0.0,1.4864864864864866,0.0,4.054054054054054,3.2432432432432434,2.2972972972972974,2.837837837837838,1.4864864864864866,4.324324324324325,3.1081081081081083,0.13513513513513514,3.2432432432432434,3.3783783783783785,3.9189189189189193,3.9189189189189193,3.1081081081081083,3.5135135135135136,3.3783783783783785,0.2702702702702703,1.2162162162162162,0.6756756756756757,4.45945945945946,0.40540540540540543,1.0810810810810811,0.13513513513513514,0.0,0.40540540540540543,0.40540540540540543,0.0,0.13513513513513514,1.6216216216216217,740
Historical,1.4107883817427387,0.1882039122703023,2.1147006520450504,0.6179608772969769,1.7249555423829284,0.29045643153526973,0.508298755186722,0.7009484291641969,3.1401896858328393,1.3515115589804387,4.5020746887966805,2.9919976289270895,0.16301126259632484,0.14078245406046236,1.796087729697688,1.7264374629519859,0.17042086544161233,0.2934202726733847,1.781268524007113,2.015411973918198,1.0936573799644338,1.5871369294605808,0.9128630705394192,1.1736810906935389,1.433017190278601,0.21932424422050978,3.3120924718435094,1.155898043864849,2.6882039122703025,3.1594546532305867,2.1784232365145226,0.1822762299940723,0.36010669828097214,0.32157676348547715,2.2510373443983402,0.33046828689982216,3.4113811499703615,2.6911677534084175,1.513040901007706,2.1235921754593954,1.2774155305275636,3.6262596324836993,2.1443390634262003,0.07261410788381743,2.8793716656787196,2.756372258446947,3.775933609958506,3.8352104327208063,3.082394783639597,2.418494368701838,2.9445761707172493,0.1985773562537048,0.8165382335506818,0.4712507409602845,3.973029045643153,0.22228808535862477,1.1484884410195615,0.16449318316538233,0.16301126259632484,0.27563722584469474,0.40011855364552457,0.1141078838174274,1.0847658565500888,2.427385892116183,67480
Horror,1.2520249942143022,0.11108539689886601,2.024994214302245,0.7278407775977782,1.9358944688729463,0.35987040037028467,0.6410553112705392,0.7984262902105995,2.714649386716038,1.27053922703078,4.633186762323536,2.9021059939828744,0.4848414718815089,0.09025688498032863,2.230965054385559,2.2170793797732005,0.20597084008331404,0.436241610738255,1.7646378153205275,2.264522101365425,1.2797963434390187,1.136311039111317,0.9141402453135848,1.2323536218467945,1.1606109696829439,0.18051376996065727,2.9321916223096505,0.9025688498032862,3.2758620689655173,2.986577181208054,1.8444804443415876,0.11108539689886601,0.26961351538995604,0.277713492247165,1.8201805137699607,0.2568849803286276,3.4297616292524875,2.5827354778986344,1.3121962508678546,2.29923628789632,1.3781532052765564,3.704003702846563,2.6290210599398285,0.10529969914371673,2.6938208747975008,2.8627632492478594,3.7097894006017125,3.790789169173802,3.281647766720667,2.6394353158990977,2.808377690349456,0.08909974542929877,0.8366118953945847,0.23374218930803056,3.8613746817866237,0.14232816477667207,1.341124739643601,0.10992825734783614,0.1943994445730155,0.16778523489932887,0.41657023837074747,0.10414255959268687,0.9280259199259431,2.70076371210368,86420
JRPG,1.6129032258064515,0.08064516129032258,2.1774193548387095,0.8870967741935484,2.661290322580645,0.3225806451612903,0.8870967741935484,0.4838709677419355,2.82258064516129,1.0483870967741937,4.516129032258064,2.741935483870968,0.16129032258064516,0.24193548387096775,3.1451612903225805,2.1774193548387095,0.3225806451612903,0.7258064516129032,2.5806451612903225,3.225806451612903,1.8548387096774193,1.2903225806451613,1.0483870967741937,0.3225806451612903,1.0483870967741937,0.08064516129032258,2.9838709677419355,0.4838709677419355,2.741935483870968,3.225806451612903,2.5,0.08064516129032258,0.3225806451612903,0.24193548387096775,1.6935483870967745,0.24193548387096775,2.9838709677419355,2.258064516129032,1.2903225806451613,2.0967741935483875,1.370967741935484,3.6290322580645165,1.7741935483870968,0.08064516129032258,2.338709677419355,2.258064516129032,3.6290322580645165,3.790322580645161,3.306451612903226,2.338709677419355,2.82258064516129,0.24193548387096775,0.7258064516129032,0.24193548387096775,3.064516129032258,0.24193548387096775,0.7258064516129032,0.0,0.08064516129032258,0.16129032258064516,0.4032258064516129,0.3225806451612903,1.129032258064516,3.7096774193548385,1240
Managerial,1.7512479201331117,0.16638935108153077,2.117304492512479,0.8631447587354408,1.9280366056572378,0.33485856905158073,0.6094009983361065,0.5657237936772047,2.886855241264559,1.5245424292845258,4.550748752079866,2.9076539101497505,0.13935108153078204,0.16846921797004993,1.9093178036605658,1.4413477537437605,0.2766222961730449,0.4097337770382696,2.0403494176372714,2.1630615640599005,1.3727121464226288,1.7034109816971714,0.802828618968386,0.8444259567387689,1.8635607321131447,0.2641430948419301,3.6064891846921796,1.3186356073211316,2.408485856905158,3.3236272878535775,2.4958402662229617,0.22878535773710484,0.5116472545757071,0.401414309484193,2.375207986688852,0.40765391014975044,3.1073211314475873,2.443843594009983,1.4787853577371048,1.9966722129783694,1.2229617304492513,3.3236272878535775,2.01955074875208,0.10607321131447588,3.167637271214642,2.576955074875208,3.4172212978369387,3.442179700499168,2.8015806988352745,2.2899334442595674,2.5873544093178036,0.20798668885191346,0.7757903494176372,0.4492512479201331,3.9600665557404326,0.23502495840266222,1.098169717138103,0.15806988352745424,0.1913477537437604,0.22878535773710484,0.4492512479201331,0.1559900166389351,1.12936772046589,2.2961730449251245,48080
Metroidvania,1.4200000000000002,0.12,2.36,1.0,2.68,0.62,0.9400000000000001,0.62,3.42,1.34,4.82,3.2800000000000002,0.13999999999999999,0.08,3.04,2.18,0.24,0.6799999999999999,1.96,3.04,1.6400000000000001,1.48,0.98,0.64,0.8999999999999999,0.1,3.04,0.76,2.94,3.38,2.08,0.02,0.24,0.42,1.8399999999999999,0.26,3.04,2.04,0.96,2.06,1.18,3.58,1.94,0.08,2.6,2.62,3.58,3.6799999999999997,3.1,2.26,2.7199999999999998,0.06,0.54,0.1,3.26,0.08,0.72,0.08,0.12,0.1,0.3,0.12,1.08,3.3000000000000003,5000
Modern,1.2494977902772197,0.20490156689433509,2.247890719164323,0.6307754118119727,1.713539574126155,0.27320208919244676,0.5303334672559261,0.6689433507432704,3.0715146645239053,1.2595419847328244,4.546002410606669,2.918842908798714,0.18682201687424668,0.18883085576536762,1.9686621132985134,1.9184411410204902,0.20891924467657694,0.34752912816392123,1.5869827239855365,1.9967858577742064,1.0586580956207312,1.3157894736842104,0.9140216954600241,1.3358778625954197,1.275612695861792,0.22900763358778628,3.1960626757734025,1.0245078344716754,3.0072318200080352,3.165930092406589,2.0028123744475694,0.16673362796303737,0.38569706709521895,0.27922860586580955,2.0630775411811975,0.3635998392928887,3.521494576134994,2.754118119726798,1.6412213740458017,2.1253515468059465,1.301727601446364,3.722378465247087,2.2539172358376858,0.09642426677380474,2.991161108879068,2.838489353153877,3.8288469264764964,3.846926476496585,3.1056649256729614,2.5050220972278026,3.0273202089192446,0.10847730012053032,0.8396946564885497,0.34752912816392123,3.9815186822016875,0.1747689835275211,1.151064684612294,0.15468059461631178,0.18280433909200483,0.26516673362796306,0.39172358376858174,0.1386098834873443,0.8658095620731218,2.336279630373644,49780
Mystery,1.5521978021978022,0.20604395604395606,2.307692307692308,0.8104395604395606,2.074175824175824,0.4258241758241758,0.7967032967032966,0.6181318681318682,2.3763736263736264,1.25,4.574175824175824,2.7884615384615388,0.13736263736263737,0.12362637362637362,2.760989010989011,2.3214285714285716,0.19230769230769232,0.576923076923077,1.6895604395604396,2.651098901098901,1.5384615384615385,1.1675824175824177,0.5631868131868132,0.5357142857142857,1.195054945054945,0.17857142857142858,3.131868131868132,1.1813186813186813,2.541208791208791,3.214285714285714,2.17032967032967,0.08241758241758242,0.3159340659340659,0.23351648351648352,1.6483516483516485,0.26098901098901095,3.5027472527472527,2.293956043956044,1.3324175824175823,2.5,1.5247252747252746,3.8873626373626373,2.239010989010989,0.054945054945054944,2.60989010989011,3.1043956043956045,3.7637362637362637,3.8049450549450547,3.392857142857143,2.60989010989011,2.8021978021978025,0.04120879120879121,1.0714285714285714,0.17857142857142858,3.571428571428571,0.09615384615384616,0.8104395604395606,0.13736263736263737,0.19230769230769232,0.26098901098901095,0.3434065934065934,0.09615384615384616,0.7005494505494506,2.8846153846153846,7280
Narrative,1.6374269005847955,0.20467836257309943,2.3391812865497075,1.0526315789473684,2.543859649122807,0.46783625730994155,0.7602339181286549,0.7602339181286549,2.1345029239766085,1.2865497076023393,4.444444444444445,3.0994152046783627,0.23391812865497078,0.29239766081871343,3.0409356725146197,2.5146198830409356,0.43859649122807015,0.8187134502923977,1.95906432748538,3.1578947368421053,1.7543859649122806,0.9649122807017544,0.7602339181286549,0.46783625730994155,1.1403508771929824,0.17543859649122806,3.011695906432749,0.8771929824561403,2.017543859649123,2.953216374269006,2.1929824561403506,0.058479532163742694,0.6432748538011697,0.46783625730994155,1.608187134502924,0.40935672514619886,3.070175438596491,2.1345029239766085,1.0526315789473684,2.456140350877193,1.4912280701754386,3.5964912280701755,2.1637426900584797,0.11695906432748539,2.543859649122807,2.923976608187134,3.508771929824561,3.5672514619883042,3.216374269005848,2.6023391812865495,2.3391812865497075,0.029239766081871347,1.0818713450292399,0.17543859649122806,3.011695906432749,0.14619883040935672,0.9356725146198831,0.058479532163742694,0.23391812865497078,0.3508771929824561,0.3508771929824561,0.17543859649122806,1.0526315789473684,2.923976608187134,3420
Naval,1.0169491525423728,0.1694915254237288,2.288135593220339,0.5932203389830508,1.1016949152542372,0.0847457627118644,0.423728813559322,1.1864406779661016,3.389830508474576,0.7627118644067797,4.745762711864407,2.711864406779661,0.2542372881355932,0.0847457627118644,2.0338983050847457,2.2033898305084745,0.0847457627118644,0.423728813559322,0.6779661016949152,1.6101694915254237,0.7627118644067797,0.7627118644067797,0.0847457627118644,1.1016949152542372,0.9322033898305085,0.0847457627118644,2.9661016949152543,0.5084745762711864,3.6440677966101696,3.4745762711864407,1.6101694915254237,0.0,0.1694915254237288,0.0,1.9491525423728815,0.0847457627118644,3.9830508474576267,3.389830508474576,2.2033898305084745,2.3728813559322033,1.2711864406779663,4.23728813559322,2.7966101694915255,0.0,3.305084745762712,3.2203389830508473,4.322033898305085,4.491525423728813,3.5593220338983054,2.711864406779661,3.5593220338983054,0.0847457627118644,0.5932203389830508,0.2542372881355932,4.491525423728813,0.0847457627118644,0.9322033898305085,0.1694915254237288,0.3389830508474576,0.423728813559322,0.2542372881355932,0.0,0.2542372881355932,2.711864406779661,1180
Off-road,1.8464730290456433,0.16597510373443983,2.033195020746888,0.8506224066390041,1.9087136929460582,0.5186721991701244,0.9958506224066389,0.8713692946058091,3.4024896265560165,1.804979253112033,4.626556016597511,3.0497925311203318,0.06224066390041493,0.1037344398340249,1.804979253112033,1.058091286307054,0.2697095435684647,0.3941908713692946,2.033195020746888,2.302904564315353,1.0788381742738589,1.9917012448132778,0.7468879668049793,0.5809128630705395,2.012448132780083,0.24896265560165973,4.1078838174273855,1.2655601659751037,3.029045643153527,3.8174273858921164,2.676348547717842,0.29045643153526973,0.33195020746887965,0.5394190871369294,3.112033195020747,0.43568464730290457,2.987551867219917,2.1576763485477177,1.1825726141078838,1.7219917012448134,0.8091286307053943,3.1742738589211617,1.887966804979253,0.18672199170124482,3.8174273858921164,2.323651452282158,3.1742738589211617,3.132780082987552,2.5103734439834025,1.950207468879668,2.3651452282157677,0.18672199170124482,0.5186721991701244,0.37344398340248963,4.004149377593361,0.2697095435684647,1.3278008298755186,0.04149377593360996,0.1037344398340249,0.1037344398340249,0.4564315352697096,0.12448132780082986,1.3070539419087137,1.4315352697095436,4820
Open World,1.3669391462306995,0.1407811080835604,2.3751135331516804,0.776566757493188,2.0572207084468666,0.4087193460490463,0.6948228882833788,0.5676657584014532,3.1335149863760217,1.0990009082652135,4.573115349682108,2.9291553133514987,0.24977293369663942,0.1407811080835604,2.461398728428701,2.084468664850136,0.2633969118982743,0.4722979109900091,1.6757493188010901,2.4432334241598546,1.2670299727520435,1.4214350590372389,1.017257039055404,1.2806539509536785,1.0581289736603088,0.16802906448683017,2.974568574023615,0.9400544959128065,3.0744777475022707,3.12897366030881,1.930063578564941,0.10899182561307902,0.34514078110808355,0.3496821071752952,2.061762034514078,0.32697547683923706,3.401453224341508,2.4841053587647592,1.335149863760218,2.0980926430517712,1.2579473206176204,3.6784741144414173,2.1662125340599454,0.06811989100817438,2.8201634877384194,2.7747502270663036,3.828337874659401,3.9009990917347865,3.206176203451408,2.352406902815622,2.974568574023615,0.1271571298819255,0.7629427792915531,0.2452316076294278,3.651226158038147,0.14532243415077203,0.7629427792915531,0.09990917347865577,0.14986376021798364,0.17711171662125338,0.3042688465031789,0.11807447774750228,0.8946412352406903,2.8474114441416893,22020
Pinball,1.6906474820143884,0.2158273381294964,2.086330935251799,0.8992805755395683,2.1223021582733814,0.5755395683453237,0.8992805755395683,0.8992805755395683,2.841726618705036,1.4748201438848922,4.532374100719425,2.841726618705036,0.07194244604316546,0.07194244604316546,1.9424460431654675,1.3669064748201438,0.14388489208633093,0.4316546762589928,1.9064748201438848,2.158273381294964,1.1870503597122302,1.5827338129496402,0.8273381294964028,0.6834532374100719,1.618705035971223,0.14388489208633093,3.8129496402877696,1.1510791366906474,2.338129496402878,3.8129496402877696,2.5899280575539567,0.14388489208633093,0.39568345323741005,0.2158273381294964,2.985611510791367,0.5035971223021583,3.1654676258992804,2.2661870503597124,1.5107913669064748,2.014388489208633,1.1870503597122302,3.381294964028777,1.8345323741007193,0.1079136690647482,3.5251798561151078,2.446043165467626,3.4532374100719423,3.41726618705036,2.661870503597122,2.050359712230216,2.446043165467626,0.14388489208633093,0.6474820143884892,0.5035971223021583,3.920863309352518,0.14388489208633093,1.330935251798561,0.2517985611510791,0.14388489208633093,0.2517985611510791,0.4316546762589928,0.14388489208633093,1.330935251798561,2.1223021582733814,2780
Platformer,1.791299402900199,0.17628660790446402,2.2803525732158088,0.9923230025589992,2.2803525732158088,0.5814614728461757,0.9468296843901053,0.5459198180267274,3.055160648279784,1.653397782200739,4.6005117998294,3.139038953653682,0.12937162354279216,0.1435882854705715,2.3798692067102643,1.765709411430196,0.2743815752061416,0.5032698322433893,2.061415979528007,2.546204151265283,1.4941711686096104,1.5837361387546205,0.8913847028717657,0.8231447256184249,1.4259311913562696,0.1919249360250213,3.5044071651976116,0.995166334944555,2.613022462325846,3.3992038669320443,2.4651691782769403,0.18197327267557578,0.3596815467728178,0.3966448677850441,2.392664202445266,0.3298265567244811,2.9584873471708844,2.2092692635769122,1.2638612453795848,1.920671026442991,1.1799829400056867,3.3508672163775945,1.9121410292863235,0.11231162922945692,2.965595678134774,2.4793858402047197,3.424793858402047,3.4674438441853854,2.8319590560136483,2.146715951094683,2.502132499289167,0.10662496445834517,0.7222064259311913,0.2914415695194768,3.58117713960762,0.15780494739835088,0.9624680125106625,0.09667330110889963,0.1592266135911288,0.2075632641455786,0.35257321580892803,0.1080466306511231,1.1586579471140177,2.475120841626386,70340
Point-and-click,1.8437253354380425,0.14048934490923443,2.201262825572218,1.1081294396211523,2.5114443567482243,0.36464088397790057,0.7805840568271507,0.6495659037095501,2.5019731649565906,1.4617205998421468,4.6740331491712706,3.094711917916338,0.13496448303078137,0.13259668508287292,2.6243093922651934,1.9423835832675613,0.2928176795580111,0.6503551696921863,2.2596685082872927,2.8382004735595894,1.7624309392265194,1.0812943962115233,0.6195737963693765,0.5501183898973954,1.472770323599053,0.21625887924230464,3.588003157063931,0.9321231254932912,2.367008681925809,3.416732438831886,2.634569850039463,0.15074980268350435,0.3378058405682715,0.3701657458563536,2.127861089187056,0.2936069455406472,3.021310181531176,2.2091554853985795,1.2217837411207577,2.0118389897395423,1.3370165745856355,3.45698500394633,1.97947908445146,0.11996842936069455,2.9913180741910024,2.652722967640095,3.37095501183899,3.423835832675612,3.041831097079716,2.2651933701657456,2.3322809786898184,0.07971586424625099,0.7640094711917916,0.2186266771902131,3.588003157063931,0.14917127071823202,0.9502762430939227,0.11128650355169692,0.13259668508287292,0.15548539857932123,0.39305445935280187,0.16258879242304658,1.091554853985793,2.63930544593528,126700
Programming,0.0,0.0,0.0,0.0,0.0,0.0,0.0,0.0,5.0,0.0,5.0,5.0,0.0,0.0,5.0,5.0,0.0,0.0,0.0,0.0,0.0,0.0,0.0,0.0,0.0,0.0,0.0,0.0,5.0,0.0,0.0,0.0,0.0,0.0,0.0,0.0,5.0,5.0,0.0,5.0,5.0,5.0,5.0,0.0,0.0,5.0,5.0,5.0,5.0,5.0,5.0,0.0,0.0,0.0,5.0,0.0,0.0,0.0,0.0,0.0,0.0,0.0,0.0,5.0,20
Puzzle,1.9785575048732944,0.1397011046133853,2.1929824561403506,1.0851202079272255,2.332683560753736,0.4710851202079272,0.8073424301494476,0.6026640675763483,2.5357374918778426,1.46361273554256,4.650747238466537,2.9564652371669915,0.0925925925925926,0.1397011046133853,2.5,1.8453541260558803,0.3395061728395062,0.693632228719948,2.1653671215074723,2.7111760883690708,1.686159844054581,1.3564002599090317,0.6708901884340481,0.5799220272904484,1.4506172839506173,0.18680961663417803,3.5640025990903186,1.0103963612735543,2.4772579597141,3.489278752436647,2.6283300844704356,0.18193632228719947,0.40935672514619886,0.4044834307992203,2.2287199480181936,0.2842755035737492,3.0068226120857697,2.2059779077322936,1.190708252111761,1.9834307992202729,1.2296946068875894,3.437296946068876,1.99317738791423,0.15269655620532815,3.047433398310591,2.634827810266407,3.3625730994152043,3.4178037686809617,2.958089668615984,2.2823261858349575,2.3635477582846,0.10396361273554255,0.7196231319038336,0.2794022092267706,3.614359974009097,0.1738141650422352,0.9551656920077972,0.1055880441845354,0.13645224171539963,0.17218973359324236,0.3492527615334633,0.1397011046133853,1.0396361273554255,2.631578947368421,61560
Racing,1.9226118500604596,0.15114873035066506,1.9165659008464329,0.7557436517533254,2.067714631197098,0.4897218863361548,0.9310761789600966,0.6590084643288996,3.071342200725514,1.6807738814993953,4.637243047158404,3.0894800483675935,0.07859733978234583,0.12696493349455865,1.7835550181378477,1.2515114873035067,0.2176541717049577,0.38089480048367597,2.200725513905683,2.2611850060459493,1.3542926239419588,1.7896009673518742,0.5985489721886337,0.6892382103990327,1.9709794437726722,0.2539298669891173,3.8814993954050787,1.1970979443772674,2.2914147521160824,3.6215235792019342,2.6541717049576783,0.2539298669891173,0.3325272067714631,0.48367593712212814,2.9322853688029022,0.36880290205562277,3.029020556227328,2.267230955259976,1.2454655380894801,1.8016928657799274,0.9854897218863361,3.301088270858525,2.0012091898428053,0.14510278113663846,3.5368802902055623,2.4244256348246673,3.295042321644498,3.3555018137847643,2.6904474002418377,2.128174123337364,2.351874244256348,0.17533252720677148,0.7013301088270859,0.4353083434099154,4.050785973397823,0.21160822249093109,1.3542926239419588,0.07859733978234583,0.12696493349455865,0.22370012091898428,0.5078597339782346,0.11487303506650544,1.2998790810157195,1.8137847642079807,16540
Rally,2.0210526315789474,0.12631578947368421,2.0,0.7157894736842105,2.0,0.4842105263157895,0.9157894736842105,0.6105263157894737,3.1578947368421053,1.6526315789473685,4.726315789473684,3.136842105263158,0.11578947368421054,0.08421052631578947,1.768421052631579,1.4105263157894736,0.27368421052631575,0.3789473684210526,2.094736842105263,2.136842105263158,1.4105263157894736,1.7263157894736842,0.5157894736842106,0.8526315789473684,2.1157894736842104,0.27368421052631575,3.7473684210526317,1.168421052631579,2.3473684210526318,3.4736842105263155,2.5473684210526315,0.17894736842105263,0.3473684210526316,0.4526315789473684,2.8842105263157896,0.3789473684210526,3.0,2.294736842105263,1.2736842105263158,1.8105263157894735,0.968421052631579,3.2842105263157895,2.094736842105263,0.12631578947368421,3.421052631578948,2.4105263157894736,3.231578947368421,3.3157894736842106,2.694736842105263,2.2421052631578946,2.294736842105263,0.1894736842105263,0.7473684210526316,0.46315789473684216,4.052631578947368,0.21052631578947367,1.4736842105263157,0.06315789473684211,0.13684210526315788,0.22105263157894736,0.5684210526315789,0.11578947368421054,1.2526315789473683,1.8105263157894735,9500
Real-time,1.3796366389099166,0.19871309613928842,2.1375851627554883,0.669000757002271,1.756245268735806,0.31037093111279335,0.5459878879636639,0.7125283875851628,3.0724829674489023,1.310560181680545,4.524981074943224,2.959878879636639,0.15802422407267222,0.15423921271763816,1.9171082513247542,1.8224829674489025,0.1807342922028766,0.30563966691900074,1.691900075700227,2.0334973504920515,1.10333080999243,1.51778955336866,0.8894776684330052,1.021006813020439,1.394776684330053,0.23277819833459498,3.25889477668433,1.1109008327024983,2.642884178652536,3.138720666161998,2.0741862225586676,0.16370174110522331,0.3425435276305829,0.33970476911430736,2.13663890991673,0.3245647236941711,3.424489023467071,2.72331566994701,1.576457229371688,2.200984102952309,1.3039364118092356,3.6818697956093867,2.255866767600303,0.08705526116578349,2.9068887206661618,2.8292959878879635,3.7764950794852385,3.816237698713096,3.100870552611658,2.480128690386071,2.975018925056775,0.17316426949280847,0.8289174867524602,0.4447388342165026,3.9629068887206658,0.22142316426949282,1.0787282361847086,0.14666919000757,0.1807342922028766,0.2715745647236942,0.3964799394398183,0.11165783497350493,0.9964042392127176,2.5141937925813775,105680
Roguelike,1.0623556581986142,0.10392609699769054,2.321016166281755,0.4965357967667437,1.7782909930715936,0.3579676674364896,0.47344110854503463,0.5311778290993071,3.1639722863741335,0.9699769053117783,4.688221709006928,2.632794457274827,0.16166281755196305,0.12702078521939955,2.33256351039261,2.032332563510393,0.10392609699769054,0.27713625866050806,1.2471131639722863,2.1824480369515014,0.9006928406466512,1.2702078521939952,1.0277136258660509,1.3394919168591224,0.9930715935334874,0.10392609699769054,2.9676674364896076,0.7505773672055427,3.5681293302540418,3.348729792147806,1.8013856812933025,0.12702078521939955,0.3348729792147806,0.26558891454965355,1.9284064665127019,0.30023094688221713,3.7182448036951503,2.7020785219399537,1.397228637413395,2.33256351039261,1.2586605080831408,4.006928406466512,2.4133949191685913,0.057736720554272515,2.863741339491917,2.9907621247113165,4.133949191685912,4.145496535796767,3.4526558891454964,2.725173210161663,3.418013856812933,0.08083140877598152,0.7043879907621248,0.18475750577367206,4.157043879907621,0.09237875288683603,0.9122401847575058,0.12702078521939955,0.17321016166281755,0.21939953810623555,0.27713625866050806,0.057736720554272515,0.5889145496535797,2.7367205542725173,8660
Role-playing,1.5794789454601956,0.17066348992593358,2.246594499404361,0.978401615994199,2.2950225306883514,0.4376650955611954,0.7018179934738695,0.582431242554514,3.205573108199099,1.4310871704563113,4.538509348940798,3.1431605117314962,0.15538405759569068,0.16574299476873675,2.510229450458383,1.9891749106541667,0.3351116175480396,0.5611954213497695,2.0598746568602064,2.6241777593618894,1.5579841508261254,1.7009374838141604,0.920132594395815,0.8458072201792096,1.2754441394312943,0.21235821204744393,3.1734604029626556,0.911586471228052,2.7813746309628633,3.0356865385611433,2.208784378722743,0.19008649712539494,0.44595224529963223,0.5125084166364531,2.0893976278033874,0.3387372455586057,2.9857046667011966,2.263686745739887,1.2531724245092455,2.005231263272388,1.2127725695343659,3.3065727456362977,1.9966851401046253,0.1530532967317553,2.685036515253535,2.5640959237582224,3.5098668876573265,3.5342103900139845,2.99217900243435,2.252809861708189,2.645413580566634,0.1170559900554203,0.8056663386336562,0.2900502408452893,3.441497902315222,0.1880147096907857,0.8331175221422281,0.12430724607655254,0.17946858652302275,0.19060444398404724,0.34650644843839024,0.14916869529186305,1.1920546951882736,2.870461490651059,386140
Sandbox,1.0476190476190477,0.30952380952380953,1.6964285714285714,0.5714285714285714,1.5416666666666667,0.2142857142857143,0.3928571428571429,0.5357142857142857,2.3392857142857144,0.6785714285714286,4.511904761904762,2.011904761904762,0.10714285714285715,0.1488095238095238,2.011904761904762,2.363095238095238,0.13690476190476192,0.26785714285714285,1.4285714285714286,2.005952380952381,0.9404761904761906,0.9940476190476191,0.4821428571428571,0.8928571428571428,0.8511904761904763,0.20238095238095236,2.630952380952381,1.017857142857143,2.636904761904762,2.892857142857143,1.6428571428571428,0.13095238095238096,0.27380952380952384,0.17857142857142858,1.4702380952380953,0.2976190476190476,3.982142857142857,3.214285714285714,2.1607142857142856,3.0,1.8869047619047619,4.148809523809524,2.880952380952381,0.04166666666666667,2.613095238095238,3.482142857142857,4.2976190476190474,4.3273809523809526,3.738095238095238,3.1964285714285716,3.6249999999999996,0.13095238095238096,1.25,0.4166666666666667,4.0773809523809526,0.17857142857142858,1.1428571428571428,0.2976190476190476,0.25,0.3392857142857143,0.30357142857142855,0.05952380952380953,0.43452380952380953,2.666666666666667,16800
Sci-fi,1.4201669174989737,0.15186756054179779,2.2999042276645234,0.7610480229853606,1.975304419209194,0.33554521822410727,0.6153372554385005,0.7203447804077165,3.179983581885347,1.410589683951293,4.662402517444247,3.1430428239157204,0.16760158708441647,0.14913120809960323,2.097072102886852,1.846353810370776,0.20591052127514023,0.3666712272540703,1.8867150088931455,2.257832808865782,1.2816390751128746,1.511492680257217,1.0428923245313997,1.0911205363250787,1.3274729785196333,0.19154467095361882,3.358188534683267,0.9354904911752634,2.8133123546312766,3.307566014502668,2.192502394308387,0.12655630045149815,0.3112600902996306,0.32494185251060337,2.263305513750171,0.293473799425366,3.289779723628403,2.511971541934601,1.3062662470926256,1.9824873443699549,1.1745792858120128,3.585305787385415,2.0337939526611026,0.10329730469284444,3.0359830346148584,2.676836776576823,3.6437953208373237,3.7108359556710906,3.0472704884389112,2.27117252702148,2.774319332330004,0.10534956902449036,0.7029005335887262,0.27500342044055276,3.861677384047065,0.1522096045970721,1.0449445888630455,0.11561089068271993,0.13955397455192228,0.18641401012450404,0.33520317416883294,0.10534956902449036,1.125666985907785,2.676836776576823,292360
Shooter,1.2982401975918494,0.159771534424205,2.3903982710713185,0.6375424513738809,1.7273849953689409,0.3789749922815684,0.6421735103426983,0.7996295152824946,3.296542142636616,1.4749922815683854,4.62334053720284,3.108984254399506,0.3558196974374807,0.1381599259030565,1.9373263352886694,1.8640012349490582,0.19990737882062365,0.3141401667181229,1.6887928372954615,1.9936708860759493,1.0744056807656686,1.5629824019759184,1.3051867860450757,1.8547391170114231,1.304414942883606,0.22537820314912008,3.2286199444272925,0.9871874035196049,3.231707317073171,3.1707317073170733,1.9033652361840074,0.1443346711948132,0.3102809509107749,0.32185859833281877,2.395801173201605,0.3481012658227848,3.3320469280642175,2.584902747761655,1.2488422352577955,1.9141710404445815,1.0782648965730164,3.525007718431615,2.0870639086137697,0.11037357209015128,3.071935782648966,2.528558196974375,3.6732016054337757,3.7318616857054647,2.9692806421735103,2.238345168261809,2.8280333436245755,0.09030564989194197,0.6699598641556036,0.25316455696202533,3.952608829885767,0.1381599259030565,1.1948132139549243,0.10574251312133373,0.15899969126273542,0.1952763198518061,0.32957702994751464,0.11037357209015128,1.0944736029638777,2.385767212102501,129560
Simulation,1.487504005126562,0.1770265940403717,2.216437039410445,0.7577699455302788,1.8952258891380969,0.28836911246395386,0.5350849086831144,0.6912848446010894,3.008651073373919,1.393784043575777,4.593880166613265,3.0022428708747197,0.14338353091957706,0.162608138417174,2.0097725088112783,1.7157962191605254,0.20185837872476772,0.38849727651393784,1.8559756488305033,2.197212431912848,1.2520025632809997,1.5483819288689522,0.9388016661326498,0.9083627042614546,1.4114066004485741,0.19705222685036847,3.3923421980134574,1.0581544376802305,2.6946491509131687,3.3683114386414608,2.2532842037808396,0.1682153156039731,0.3796859980775392,0.30038449214995194,2.1956103812880485,0.34604293495674465,3.325857097084268,2.5728933034283883,1.4618711951297663,2.06424223005447,1.18711951297661,3.567766741429029,2.120314001922461,0.09692406280038449,3.0775392502403074,2.7210829862223647,3.6710990067286127,3.7199615507850043,2.9966356936879204,2.3734380006408204,2.833226529958347,0.14979173341877602,0.7177186799102852,0.3412367830823454,3.9578660685677667,0.1682153156039731,1.0917975008010254,0.15059275873117592,0.162608138417174,0.22188401153476453,0.4109259852611342,0.1337712271707786,1.0285165011214354,2.5400512656199936,124840
Soccer,1.5217391304347827,0.21739130434782608,2.0652173913043477,0.7065217391304348,1.9021739130434785,0.3804347826086957,0.7065217391304348,0.7608695652173914,3.152173913043478,1.956521739130435,4.3478260869565215,3.0434782608695654,0.10869565217391304,0.32608695652173914,1.5217391304347827,1.3043478260869565,0.43478260869565216,0.5978260869565217,2.0652173913043477,1.9021739130434785,1.358695652173913,1.9021739130434785,0.48913043478260876,0.9239130434782609,2.2282608695652173,0.2717391304347826,3.858695652173913,1.6304347826086956,1.684782608695652,3.6956521739130435,2.5,0.3804347826086957,0.32608695652173914,0.32608695652173914,2.608695652173913,0.48913043478260876,2.9347826086956523,2.608695652173913,1.5217391304347827,2.119565217391304,1.4130434782608696,3.0434782608695654,1.684782608695652,0.2717391304347826,3.75,2.4456521739130435,3.152173913043478,3.152173913043478,2.9347826086956523,2.0652173913043477,2.119565217391304,0.2717391304347826,0.7065217391304348,0.48913043478260876,4.021739130434782,0.32608695652173914,0.8152173913043478,0.21739130434782608,0.21739130434782608,0.21739130434782608,0.9239130434782609,0.10869565217391304,1.358695652173913,1.4130434782608696,1840
Sports,1.4453125,0.1953125,1.8359375,0.625,1.5234375,0.3125,0.625,0.6640625,3.046875,1.640625,4.375,2.890625,0.078125,0.234375,1.3671875,1.3671875,0.3125,0.42968750000000006,1.7187500000000002,1.6015624999999998,1.0546875,1.7578125,0.5078125,0.9765625,1.9921874999999998,0.2734375,3.7890624999999996,1.6015624999999998,1.875,3.5937499999999996,2.3046875,0.2734375,0.234375,0.234375,2.421875,0.3515625,3.3984374999999996,2.96875,1.6796875,2.34375,1.484375,3.4765625,2.109375,0.1953125,3.671875,2.7734375,3.515625,3.515625,3.0078125,2.3828125,2.4609375,0.234375,0.8593750000000001,0.546875,4.2578125,0.234375,1.1328125,0.1953125,0.1953125,0.234375,0.8593750000000001,0.078125,1.09375,1.5625,2560
Stealth,1.2595419847328244,0.15267175572519084,2.3091603053435117,0.6997455470737913,1.88295165394402,0.34987277353689566,0.5916030534351145,0.935114503816794,3.3206106870229006,1.5330788804071247,4.573791348600508,3.1106870229007635,0.22264631043256997,0.19720101781170482,2.0865139949109412,1.7875318066157762,0.16539440203562342,0.33078880407124683,1.717557251908397,2.1755725190839694,1.1895674300254453,1.5267175572519083,1.3422391857506362,1.2722646310432568,1.2340966921119592,0.20992366412213742,3.2188295165394405,0.9033078880407124,3.314249363867684,3.3587786259541987,2.041984732824427,0.1717557251908397,0.3435114503816794,0.3435114503816794,2.366412213740458,0.3753180661577608,3.346055979643766,2.5254452926208653,1.297709923664122,1.8256997455470738,1.0241730279898218,3.5750636132315523,1.9338422391857506,0.12086513994910941,2.932569974554707,2.4618320610687023,3.8549618320610683,3.8613231552162848,2.9198473282442747,2.1882951653944023,2.9770992366412212,0.1717557251908397,0.5852417302798982,0.2926208651399491,3.8740458015267176,0.16539440203562342,0.9669211195928753,0.05725190839694657,0.10178117048346055,0.20992366412213742,0.3053435114503817,0.1272264631043257,1.0877862595419847,2.595419847328244,15720
Strategy,1.5203731294940726,0.16486363930815573,2.1720541556001813,0.810066722808836,1.895769903478655,0.34462654660879705,0.5988857938718662,0.6769450022672799,3.1087646563451448,1.4264429617153593,4.5429811491870185,3.010623825872903,0.14283863444969877,0.16227246226598432,1.9641121979659262,1.7105007449633995,0.24130336205221223,0.39321111614951093,1.859169527757984,2.1574787847379673,1.2379348318973895,1.7169786875688282,0.9107987303232492,0.9276413810973635,1.5177819524519012,0.2069702662434411,3.3452095614432853,1.126514219084019,2.6297208006737063,3.2227764462006867,2.2565913066010235,0.1956338666839412,0.41329273822633933,0.38964824771652523,2.2238776964436093,0.34203536956662567,3.255166159227829,2.539353501327978,1.445228995271102,2.0687309710435966,1.2363153462460321,3.48934378441407,2.081039061993911,0.12178532098205609,2.9623631534624604,2.691261255425277,3.607242339832869,3.6360691844270256,2.9613914620716457,2.345339120295394,2.7664053896482477,0.16130077087517003,0.7987303232493361,0.4171795037895964,3.867655632571095,0.21506769450022672,1.0448921422556197,0.14024745740752737,0.15773790244218436,0.22446071127809808,0.4107015611841679,0.11433568698581331,1.1316965731683617,2.542268575500421,308740
Survival,1.2855579868708973,0.16411378555798686,2.0404814004376366,0.8807439824945295,1.947483588621444,0.3884026258205689,0.6400437636761488,0.74945295404814,3.0689277899343543,1.1597374179431073,4.535010940919037,2.7297592997811817,0.30087527352297594,0.10940919037199125,2.341356673960613,2.2757111597374178,0.3063457330415755,0.5142231947483589,1.7833698030634573,2.2757111597374178,1.301969365426696,1.663019693654267,0.8096280087527352,1.2308533916849016,1.1706783369803064,0.19146608315098468,2.8336980306345736,0.9682713347921226,2.9814004376367618,2.9157549234135667,1.865426695842451,0.087527352297593,0.3665207877461707,0.350109409190372,1.7013129102844637,0.31181619256017507,3.3424507658643328,2.516411378555799,1.3457330415754925,2.385120350109409,1.334792122538293,3.5284463894967177,2.4562363238512033,0.13129102844638948,2.538293216630197,2.899343544857768,3.7691466083150984,3.730853391684902,3.2439824945295404,2.6805251641137855,2.9431072210065645,0.07658643326039387,0.8424507658643327,0.31181619256017507,3.643326039387308,0.13676148796498905,1.0393873085339167,0.08205689277899343,0.19693654266958427,0.175054704595186,0.43216630196936545,0.1586433260393873,0.8971553610503282,2.9157549234135667,18280
TPP,1.2818502548020385,0.14700117600940807,2.0168561348490788,0.6820854566836535,1.99921599372795,0.37044296354370837,0.6154449235593885,0.6095648765190121,3.0380243041944333,1.328890631125049,4.594276754214033,2.906703253626029,0.18816150529204234,0.1293610348882791,2.1736573892591142,2.1011368090944726,0.19208153665229322,0.44688357506860055,1.869854958839671,2.2677381419051352,1.3426107408859271,1.2250098000784007,0.8565268522148178,0.9780478243825951,1.213249705997648,0.24696197569580558,3.110544884359075,0.9035672285378283,2.9302234417875344,3.04390435123481,2.003136025088201,0.13132105056840454,0.3038024304194433,0.29596236769894163,1.9580556644453155,0.2724421795374363,3.449627597020776,2.6479811838494705,1.4954919639357114,2.240297922383379,1.4190513524108193,3.737749901999216,2.2755782046256368,0.08036064288514308,2.7930223441787536,2.924343394747158,3.7730301842414735,3.8279106232849864,3.232065856526852,2.534300274402195,2.8949431595452766,0.09408075264602117,0.8780870246961977,0.31164249313994513,3.8533908271266166,0.1489611916895335,1.1799294394355155,0.1293610348882791,0.15484123872990985,0.19012152097216778,0.39004312034496275,0.12348098784790279,0.9408075264602116,2.504900039200314,51020
Tactical,1.2979762735519889,0.12212142358688066,2.3831123517097,0.6280530355896721,1.5457083042568038,0.3210048848569435,0.561758548499651,0.8025122121423587,3.471737613398465,1.4933705512909978,4.640614096301466,3.1053733426378227,0.21632937892533147,0.1360781577110956,1.7096999302163292,1.650383810188416,0.15352407536636428,0.2547103977669225,1.6329378925331473,1.856245638520586,1.0362875087229588,1.7096999302163292,1.2630844382414514,1.468946266573622,1.3503140265177949,0.24424284717376132,3.360083740404745,1.1165387299371947,3.0286113049546404,3.377529658060014,1.9923237962316815,0.1465457083042568,0.2721563154221912,0.3000697836706211,2.330774598743894,0.31751570132588974,3.4612700628053035,2.7320307048150734,1.4445219818562456,1.9399860432658758,1.0537334263782274,3.5903698534542916,2.0725750174459177,0.07676203768318214,3.1053733426378227,2.575017445917655,3.7787857641311935,3.7857641311933006,2.93440334961619,2.2191207257501744,2.9623168178646195,0.16050244242847175,0.6454989532449407,0.3349616189811584,4.057920446615492,0.18492672714584787,1.123517096999302,0.1151430565247732,0.15701325889741802,0.19888346127006282,0.3524075366364271,0.11863224005582694,1.113049546406141,2.407536636427076,28660
Team sport,0.9375,0.0,1.875,0.46875,1.7187500000000002,0.46875,0.78125,0.9375,3.125,2.34375,4.6875,3.125,0.0,0.625,1.25,1.25,0.3125,0.3125,2.03125,1.5625,1.25,2.03125,0.46875,0.78125,2.03125,0.15625,4.21875,1.40625,2.03125,4.21875,2.34375,0.46875,0.46875,0.3125,2.8125,0.46875,3.5937499999999996,2.8125,1.5625,2.03125,1.09375,3.4375000000000004,1.09375,0.0,4.21875,2.65625,3.75,3.5937499999999996,3.4375000000000004,1.875,2.1875,0.0,0.625,0.15625,4.375,0.0,0.46875,0.15625,0.3125,0.15625,0.78125,0.0,0.9375,1.40625,640
Touring,1.9444444444444444,0.0,2.2222222222222223,1.1111111111111112,3.0555555555555554,0.0,0.0,0.8333333333333334,1.9444444444444444,1.1111111111111112,5.0,2.7777777777777777,0.0,0.0,3.0555555555555554,1.6666666666666667,0.2777777777777778,0.5555555555555556,1.9444444444444444,3.3333333333333335,1.9444444444444444,1.1111111111111112,0.8333333333333334,0.0,1.1111111111111112,0.0,3.888888888888889,0.8333333333333334,3.3333333333333335,3.6111111111111107,2.7777777777777777,0.0,0.0,0.0,1.9444444444444444,0.2777777777777778,3.3333333333333335,2.7777777777777777,1.1111111111111112,1.6666666666666667,1.1111111111111112,4.166666666666666,1.9444444444444444,0.0,3.3333333333333335,2.7777777777777777,3.6111111111111107,3.888888888888889,3.3333333333333335,2.5,1.9444444444444444,0.0,0.2777777777777778,0.2777777777777778,3.6111111111111107,0.0,0.8333333333333334,0.0,0.2777777777777778,0.0,0.2777777777777778,0.0,1.1111111111111112,3.3333333333333335,360
Turn-based,1.5065359477124183,0.13790849673202615,2.1784313725490194,0.8738562091503268,2.03921568627451,0.35947712418300654,0.6026143790849673,0.6333333333333333,3.1973856209150324,1.3477124183006535,4.597385620915033,3.0614379084967323,0.11895424836601307,0.1542483660130719,2.166013071895425,1.8424836601307188,0.2581699346405229,0.4169934640522876,1.9222222222222225,2.3261437908496734,1.3196078431372549,1.7124183006535947,0.9045751633986928,0.8320261437908496,1.3751633986928105,0.18104575163398692,3.2882352941176474,0.9640522875816994,2.766013071895425,3.215686274509804,2.2366013071895425,0.17516339869281047,0.4,0.39803921568627454,2.175816993464052,0.3091503267973856,3.237908496732026,2.466666666666667,1.3483660130718955,2.0464052287581698,1.2163398692810456,3.522875816993464,2.062745098039216,0.12222222222222222,2.913071895424837,2.7084967320261435,3.6091503267973857,3.637254901960784,3.0359477124183005,2.350326797385621,2.7562091503267974,0.11895424836601307,0.8045751633986927,0.3359477124183006,3.772549019607843,0.1830065359477124,0.9562091503267974,0.12679738562091503,0.15359477124183007,0.18169934640522875,0.37058823529411766,0.11176470588235295,1.118954248366013,2.7372549019607844,153000
Virtual life,1.6129032258064515,0.1814516129032258,2.0161290322580645,0.9274193548387096,2.278225806451613,0.1411290322580645,0.342741935483871,0.625,1.8951612903225805,0.7661290322580645,4.637096774193548,2.5,0.1411290322580645,0.16129032258064516,2.8024193548387095,2.379032258064516,0.2217741935483871,0.8064516129032258,1.8951612903225805,2.721774193548387,1.6330645161290323,0.6653225806451613,0.5846774193548387,0.7459677419354839,1.028225806451613,0.12096774193548387,2.82258064516129,0.9072580645161291,2.6814516129032255,3.064516129032258,2.1774193548387095,0.20161290322580644,0.342741935483871,0.26209677419354843,1.189516129032258,0.24193548387096775,3.6088709677419355,2.7016129032258065,1.5725806451612903,2.3991935483870965,1.6330645161290323,4.07258064516129,2.4798387096774195,0.10080645161290322,2.82258064516129,3.4274193548387095,3.689516129032258,3.8104838709677415,3.568548387096774,2.82258064516129,2.903225806451613,0.12096774193548387,0.9072580645161291,0.24193548387096775,3.8104838709677415,0.16129032258064516,1.0685483870967742,0.1814516129032258,0.16129032258064516,0.1814516129032258,0.38306451612903225,0.12096774193548387,0.5241935483870969,2.8024193548387095,4960
Visual Novel,1.434782608695652,0.5217391304347827,2.391304347826087,0.7391304347826086,2.2173913043478257,0.43478260869565216,0.6956521739130435,0.782608695652174,1.956521739130435,1.2608695652173914,4.391304347826087,2.869565217391304,0.21739130434782608,0.6086956521739131,3.0,2.130434782608696,0.30434782608695654,0.782608695652174,1.2173913043478262,2.8260869565217392,1.4782608695652173,0.6956521739130435,0.5217391304347827,0.26086956521739135,0.782608695652174,0.391304347826087,2.8260869565217392,1.0,2.4347826086956523,3.260869565217391,2.3478260869565215,0.17391304347826086,0.782608695652174,0.17391304347826086,1.2608695652173914,0.782608695652174,3.5217391304347827,2.6521739130434785,1.391304347826087,2.1739130434782608,1.0869565217391304,3.739130434782609,2.2608695652173916,0.17391304347826086,2.608695652173913,3.0,3.869565217391304,4.0,3.3478260869565215,2.6956521739130435,2.9130434782608696,0.043478260869565216,0.6956521739130435,0.13043478260869568,3.3478260869565215,0.08695652173913043,1.1739130434782608,0.13043478260869568,0.34782608695652173,0.6956521739130435,0.34782608695652173,0.13043478260869568,0.6521739130434783,2.8260869565217392,2300
